Unnamed: 0,日期,成交股數,成交金額,開盤價,最高價,最低價,收盤價,漲跌價差,成交筆數
0,111/05/27,20071483,845894688,41.55,42.4,41.55,42.2,0.5,6971
0,111/05/26,18152195,763176626,41.8,42.45,41.7,41.7,0.05,8638
0,111/05/25,18438561,767934402,41.3,41.9,41.25,41.65,0.45,6066
0,111/05/24,19456970,802334030,41.2,41.4,41.15,41.2,0.0,6690
0,111/05/23,17280755,713468777,41.5,41.55,41.15,41.2,0.05,8993
0,111/05/20,40646175,1684989782,41.45,41.95,41.15,41.15,0.05,8770
0,111/05/19,20462182,841890557,41.4,41.4,41.05,41.1,-0.5,9520
0,111/05/18,27849756,1152854765,41.6,41.7,41.1,41.6,0.1,14922
0,111/05/17,22795141,946271377,41.5,41.65,41.25,41.5,0.25,8715
0,111/05/16,25056730,1034064589,41.6,41.7,41.0,41.25,-0.35,12850
0,111/05/13,23315151,964550126,40.9,41.8,40.8,41.6,0.8,10783
0,111/05/12,43856703,1809844078,42.5,42.55,40.8,40.8,-1.85,28776
0,111/05/11,33877400,1446335005,42.5,42.95,42.5,42.65,-1.2,23764
0,111/05/10,19613514,860479194,44.0,44.1,43.65,43.85,-0.4,12140
0,111/05/09,20101665,892540552,45.0,45.05,44.15,44.25,-0.85,15683
0,111/05/06,14855830,670716709,45.35,45.35,45.1,45.1,-0.5,10085
0,111/05/05,9393350,428713516,45.75,45.75,45.5,45.6,0.1,5531
0,111/05/04,11217879,508781908,45.35,45.6,45.25,45.5,0.15,6188
0,111/05/03,23968613,1088068092,45.9,45.9,45.1,45.35,-0.55,15424
0,111/04/29,23092262,1064003213,46.2,46.45,45.9,45.9,-0.2,9340
0,111/04/28,22709193,1041619105,46.0,46.1,45.5,46.1,0.3,9014
0,111/04/27,26325735,1208829840,46.15,46.15,45.7,45.8,-0.4,13065
0,111/04/26,16968438,783380328,46.25,46.4,46.1,46.2,0.1,6634
0,111/04/25,22278056,1029547261,46.35,46.4,46.05,46.1,-0.45,10791
0,111/04/22,15422941,718919209,46.7,46.7,46.4,46.55,-0.25,6455
0,111/04/21,19043921,889869402,46.85,47.15,46.5,46.8,0.2,8793
0,111/04/20,20827417,967720378,46.5,46.75,46.4,46.6,0.25,8722
0,111/04/19,22009910,1006696203,46.5,46.6,46.2,46.35,-0.15,11469
0,111/04/18,25129762,1173068787,47.3,47.3,46.4,46.5,-0.6,16266
0,111/04/15,22509963,1063530927,47.5,47.55,47.05,47.1,-0.6,15639
0,111/04/14,18163935,867688643,48.3,48.3,47.6,47.7,-0.3,11038
0,111/04/13,20257841,972389110,48.15,48.6,47.75,48.0,0.0,16727
0,111/04/12,36482148,1761556194,49.4,49.4,47.8,48.0,-1.45,22999
0,111/04/11,8089418,400306570,49.8,49.95,49.1,49.45,-0.35,8178
0,111/04/08,6494233,322457815,49.6,49.8,49.4,49.8,0.25,4598
0,111/04/07,11245643,559937105,49.8,50.2,49.5,49.55,-0.65,7769
0,111/04/06,10985331,548362617,49.75,50.2,49.6,50.2,0.45,5728
0,111/04/01,9917831,493504834,49.7,50.0,49.45,49.75,-0.15,7457
0,111/03/31,15226850,761489214,49.95,50.2,49.85,49.9,0.05,8224
0,111/03/30,9669039,481993796,49.85,50.0,49.7,49.85,0.05,5873
0,111/03/29,8073707,401943209,49.8,50.2,49.5,49.8,0.1,6142
0,111/03/28,8572124,423622397,49.4,49.75,49.1,49.7,0.0,4959
0,111/03/25,8811114,437798442,49.9,49.9,49.55,49.7,-0.25,5374
0,111/03/24,14107140,703050244,49.65,49.95,49.45,49.95,0.3,8976
0,111/03/23,12576912,623463730,49.7,49.7,49.45,49.65,-0.05,7228
0,111/03/22,11071398,548096701,49.7,49.75,49.3,49.7,-0.05,7671
0,111/03/21,24218852,1201577110,49.1,49.85,49.05,49.75,0.8,11523
0,111/03/18,31706672,1543567101,48.1,48.95,48.1,48.95,0.95,11444
0,111/03/17,16944622,813351211,48.1,48.2,47.85,48.0,0.15,8724
0,111/03/16,11338304,542030764,47.95,48.0,47.65,47.85,-0.1,10724
0,111/03/15,10726325,512296860,47.5,48.0,47.4,47.95,0.4,6660
0,111/03/14,8145858,387379146,47.45,47.7,47.4,47.55,0.1,4019
0,111/03/11,6628133,314674943,47.4,47.6,47.3,47.45,-0.15,5990
0,111/03/10,9473999,449341382,47.25,47.7,47.2,47.6,0.35,7081
0,111/03/09,5574119,263339339,47.3,47.4,47.05,47.25,0.3,6186
0,111/03/08,15765001,740634811,47.0,47.15,46.85,46.95,-0.15,10827
0,111/03/07,16991368,799794535,47.45,47.45,46.9,47.1,-0.55,10408
0,111/03/04,11071393,527906917,47.8,47.85,47.5,47.65,-0.4,7319
0,111/03/03,7565742,362783289,47.95,48.05,47.8,48.05,0.05,5946
0,111/03/02,8187419,391264267,47.8,48.0,47.6,48.0,0.2,5924
0,111/03/01,14071999,671571062,47.8,47.85,47.5,47.8,0.45,7420
14,111/02/25,14779929,696947273,47.2,47.5,46.9,47.35,0.05,10233
13,111/02/24,13239388,625781931,47.5,47.5,47.1,47.3,-0.35,9281
12,111/02/23,8102775,386074147,47.7,47.85,47.45,47.65,-0.05,6808
11,111/02/22,10748624,508990229,47.4,47.7,47.1,47.7,0.1,6127
10,111/02/21,8260209,392444711,47.35,47.75,47.15,47.6,0.15,4504
9,111/02/18,8833763,418524393,47.25,47.55,47.2,47.45,0.0,5593
8,111/02/17,10733835,508646842,47.15,47.55,47.1,47.45,0.45,4959
7,111/02/16,8818727,414900636,47.0,47.15,47.0,47.0,0.0,6652
6,111/02/15,5497795,258415585,47.05,47.1,46.8,47.0,-0.15,4707
5,111/02/14,9314234,438272774,47.2,47.3,46.95,47.15,-0.4,6216
4,111/02/11,6907680,327050398,47.3,47.55,47.15,47.55,0.0,5289
3,111/02/10,7550497,356563246,47.15,47.55,47.05,47.55,0.25,5926
2,111/02/09,8032492,378283321,46.95,47.3,46.9,47.3,0.35,5665
1,111/02/08,9827190,461985811,47.1,47.25,46.9,46.95,-0.15,7231
0,111/02/07,17325697,807233260,46.55,47.1,46.0,47.1,0.25,13266
17,111/01/26,7858213,368020594,46.7,47.0,46.55,46.85,0.05,6316
16,111/01/25,16429917,767993493,47.0,47.05,46.6,46.8,-0.35,11857
15,111/01/24,5535224,260992721,47.1,47.3,47.0,47.15,-0.25,3572
14,111/01/21,9546706,451696046,47.5,47.65,47.15,47.4,-0.1,4779
13,111/01/20,6369636,302796259,47.55,47.7,47.45,47.5,-0.1,3066
12,111/01/19,5155877,245372405,47.6,47.7,47.5,47.6,-0.15,3689
11,111/01/18,8152546,387725879,47.6,47.75,47.45,47.75,0.15,4748
10,111/01/17,9135562,433784449,47.55,47.7,47.35,47.6,0.0,8042
9,111/01/14,9517206,452812580,47.85,47.85,47.45,47.6,-0.35,5373
8,111/01/13,13905887,662550194,47.5,47.95,47.4,47.95,0.45,6389
7,111/01/12,10891460,514936656,47.5,47.5,47.1,47.5,0.0,6804
6,111/01/11,11147705,526597589,47.1,47.5,47.1,47.5,0.2,6559
5,111/01/10,12136515,572075164,47.45,47.5,47.0,47.3,-0.15,8558
4,111/01/07,11036127,522523832,47.6,47.65,47.2,47.45,-0.15,6945
3,111/01/06,12468214,590435369,47.3,47.6,47.15,47.6,0.45,6576
2,111/01/05,12283179,579369726,47.1,47.3,47.0,47.15,-0.15,6147
1,111/01/04,11582787,546668986,47.5,47.6,47.0,47.3,-0.15,8038
0,111/01/03,12539636,597825872,48.05,48.15,47.35,47.45,-0.55,7502
21,110/12/30,4666441,224321001,48.15,48.2,48.0,48.0,-0.15,2724
20,110/12/29,5367069,258280450,48.15,48.25,48.05,48.15,0.0,3136
19,110/12/28,7836003,376567638,48.1,48.15,47.95,48.15,0.05,4087
18,110/12/27,5770084,276992626,47.9,48.1,47.9,48.1,0.2,3517
17,110/12/24,6033732,288721227,47.75,47.95,47.75,47.9,0.2,3421
16,110/12/23,9419239,448406095,47.3,47.7,47.3,47.7,0.3,4475
15,110/12/22,5494521,260118206,47.4,47.45,47.2,47.4,0.15,2559
14,110/12/21,5728371,270552298,47.4,47.45,47.1,47.25,-0.15,2665
13,110/12/20,11365267,537241103,47.45,47.5,47.1,47.4,-0.05,5894
12,110/12/17,18553098,880004945,46.95,47.6,46.9,47.45,0.55,5347
11,110/12/16,7611887,357370526,47.0,47.15,46.8,46.9,-0.05,4722
10,110/12/15,11243335,529053165,47.0,47.3,46.8,46.95,-0.05,5098
9,110/12/14,9420236,443362655,47.05,47.2,46.95,47.0,-0.1,5432
8,110/12/13,7855773,370895996,47.3,47.75,47.1,47.1,-0.2,4616
7,110/12/10,10460549,496138000,47.4,47.6,47.1,47.3,-0.1,4192
6,110/12/09,9434230,447650682,47.8,47.85,47.1,47.4,-0.3,5820
5,110/12/08,10431602,496900474,47.75,47.8,47.5,47.7,0.15,6177
4,110/12/07,13187602,622935358,47.35,47.55,46.9,47.55,0.25,6197
3,110/12/06,15191357,713951127,46.45,47.35,46.4,47.3,0.9,6764
2,110/12/03,14903429,693340076,46.55,46.85,46.4,46.4,0.1,9002
1,110/12/02,14687097,681774993,46.6,46.7,46.3,46.3,-0.3,10432
0,110/12/01,20451661,947364210,46.0,46.85,46.0,46.6,0.6,9637
21,110/11/30,34666716,1611298375,46.5,47.3,46.0,46.0,-0.5,10910
20,110/11/29,18676312,864553321,46.05,46.65,45.95,46.5,0.0,11603
19,110/11/26,25061818,1167880387,47.0,47.05,46.5,46.5,-0.65,18087
18,110/11/25,14915771,703460683,47.4,47.45,47.05,47.15,-0.3,9982
17,110/11/24,20035748,951068796,47.7,47.75,47.3,47.45,-0.35,16482
16,110/11/23,10553225,504511654,47.9,47.95,47.75,47.8,-0.1,8703
15,110/11/22,12526780,600474167,48.0,48.2,47.85,47.9,-0.4,25629
14,110/11/19,14300766,688667075,48.3,48.4,48.0,48.3,0.0,8950
13,110/11/18,10922048,527672485,48.45,48.5,48.25,48.3,-0.25,6079
12,110/11/17,13074161,632725899,48.55,48.6,48.25,48.55,-0.1,6688
11,110/11/16,14046351,681336491,48.55,48.85,48.35,48.65,0.05,17542
10,110/11/15,14171684,686670726,48.7,48.75,48.3,48.6,-0.1,8894
9,110/11/12,12224639,593820104,48.7,48.8,48.3,48.7,-0.1,6641
8,110/11/11,10677681,520325076,48.75,48.95,48.55,48.8,0.1,5296
7,110/11/10,8952723,434849264,48.75,48.75,48.4,48.7,-0.1,4952
6,110/11/09,8393162,408020968,49.0,49.05,48.4,48.8,-0.15,7364
5,110/11/08,11878265,578466104,48.3,48.95,48.25,48.95,0.8,5947
4,110/11/05,14223233,682201520,48.05,48.15,47.85,48.15,0.05,9371
3,110/11/04,7182214,345640337,48.2,48.35,48.05,48.1,-0.05,5131
2,110/11/03,6499438,312795065,48.15,48.25,48.05,48.15,0.0,4823
1,110/11/02,9990897,483048079,48.4,48.75,48.1,48.15,-0.1,6175
0,110/11/01,8569471,412782499,48.25,48.25,48.1,48.25,0.0,5446
19,110/10/29,12607947,608916452,48.5,48.5,48.2,48.25,-0.25,6047
18,110/10/28,6661181,323132425,48.35,48.7,48.25,48.5,0.15,4118
17,110/10/27,9423661,456236523,48.45,48.6,48.2,48.35,-0.1,5998
16,110/10/26,15552943,756404479,48.55,48.9,48.45,48.45,0.2,7484
15,110/10/25,14737007,710839415,48.6,48.65,48.05,48.25,-0.55,8853
14,110/10/22,9553573,466712636,48.75,49.0,48.6,48.8,0.05,4643
13,110/10/21,22823175,1108955418,48.35,48.75,48.35,48.75,0.4,7338
12,110/10/20,29004686,1404124362,48.85,48.85,48.0,48.35,-0.75,20257
11,110/10/19,25536117,1256985159,49.85,50.1,48.9,49.1,-0.7,15688
10,110/10/18,8919494,445234245,50.1,50.2,49.8,49.8,-0.3,4810
9,110/10/15,9784114,489009128,50.0,50.2,49.8,50.1,0.2,4608
8,110/10/14,9909125,495818861,50.6,50.6,49.9,49.9,-0.6,5063
7,110/10/13,13651152,689001469,50.4,51.0,50.0,50.5,0.3,5910
6,110/10/12,13341391,667891841,50.0,50.3,49.6,50.2,-0.2,4585
5,110/10/08,5277237,265657495,50.4,50.5,50.2,50.4,0.0,2935
4,110/10/07,9943548,499160103,50.0,50.5,49.85,50.4,0.5,4267
3,110/10/06,11537990,576291448,50.3,50.4,49.8,49.9,-0.4,5518
2,110/10/05,10187890,510007951,50.0,50.3,49.7,50.3,0.3,5007
1,110/10/04,13735397,688401359,50.3,50.6,49.9,50.0,-0.2,6933
0,110/10/01,20518416,1029777933,50.8,51.0,49.9,50.2,-0.8,10966
19,110/09/30,15663100,796503554,50.4,51.3,50.3,51.0,0.4,5086
18,110/09/29,13130388,664791755,50.4,51.0,50.3,50.6,-0.4,6958
17,110/09/28,14358658,730891243,50.6,51.4,50.2,51.0,-0.1,5787
16,110/09/27,13986133,713047042,51.2,51.3,50.6,51.1,-0.2,6552
15,110/09/24,13566958,697185968,51.4,51.7,51.2,51.3,0.1,6061
14,110/09/23,14047092,718248775,51.1,51.6,50.8,51.2,0.5,5743
13,110/09/22,21834512,1096348483,49.8,50.7,49.5,50.7,0.0,11824
12,110/09/17,19210504,979595708,51.7,51.7,50.7,50.7,-1.0,8533
11,110/09/16,23613199,1213863553,51.2,51.7,50.8,51.7,0.5,10478
10,110/09/15,22851564,1170187717,51.4,51.8,50.9,51.2,-0.2,9302
9,110/09/14,52514826,2693011728,51.1,52.0,50.7,51.4,1.3,22808
8,110/09/13,26844114,1337666856,49.0,50.2,49.0,50.1,1.1,12781
7,110/09/10,15964832,777172926,48.2,49.0,48.05,49.0,0.8,6046
6,110/09/09,10767981,516887542,48.0,48.2,47.8,48.2,-0.35,5405
5,110/09/08,12388795,601734602,48.7,48.95,48.2,48.55,-0.2,6135
4,110/09/07,9922236,484132964,48.8,49.0,48.55,48.75,-0.05,4158
3,110/09/06,13088873,637872597,48.5,49.1,48.15,48.8,0.3,6743
2,110/09/03,12079469,583541256,47.9,48.55,47.85,48.5,0.6,5343
1,110/09/02,7950602,381046909,48.4,48.4,47.7,47.9,-0.5,5363
0,110/09/01,14853294,715327703,48.35,48.4,47.85,48.4,-0.05,6367
21,110/08/31,18403515,882882505,47.6,48.45,47.25,48.45,+0.85,5426
20,110/08/30,9216966,436479647,47.45,47.6,47.15,47.6,+0.15,4981
19,110/08/27,9381764,443303427,46.95,47.5,46.75,47.45,+0.50,4767
18,110/08/26,13184942,618382991,47.2,47.3,46.6,46.95,-0.25,7265
17,110/08/25,8703206,408957799,46.8,47.25,46.55,47.2,+0.45,4742
16,110/08/24,11011728,513738763,47.0,47.1,46.45,46.75,-0.05,6742
15,110/08/23,10490198,491369527,46.7,47.25,46.55,46.8,+0.65,5847
14,110/08/20,19229307,889143439,45.9,46.75,45.7,46.15,-0.05,9518
13,110/08/19,26172172,1215272787,47.25,47.25,46.0,46.2,-1.05,17217
12,110/08/18,25211046,1181293068,46.9,47.3,46.4,47.25,-0.05,12379
11,110/08/17,25544445,1211673397,47.95,47.95,47.2,47.3,-0.65,11718
10,110/08/16,26728439,1281549042,48.4,48.45,47.7,47.95,-0.45,12279
9,110/08/13,23823791,1150516862,48.05,48.6,47.95,48.4,+0.80,12761
8,110/08/12,87897408,4140954924,45.85,47.75,45.65,47.6,X0.00,30427
7,110/08/11,59669569,3049740724,51.6,51.7,50.8,51.1,-0.80,24883
6,110/08/10,34313716,1780541159,52.2,52.4,51.7,51.9,-0.50,11543
5,110/08/09,33630358,1755733056,52.6,52.6,51.7,52.4,-0.50,11333
4,110/08/06,32500825,1714404302,53.2,53.2,52.4,52.9,+0.20,9306
3,110/08/05,38673195,2050224696,53.8,53.8,52.6,52.7,-1.10,14252
2,110/08/04,23552465,1271178027,54.2,54.5,53.6,53.8,-0.10,9940
1,110/08/03,45545154,2441886377,53.1,53.9,53.0,53.9,+1.10,16031
0,110/08/02,14023385,738635946,52.7,52.8,52.5,52.8,+0.20,6962
21,110/07/30,12473682,657537327,52.9,52.9,52.5,52.6,-0.3,5158
20,110/07/29,18957983,995989067,52.5,52.9,52.1,52.9,0.5,7236
19,110/07/28,36454371,1908346074,52.8,53.0,52.0,52.4,-0.6,13822
18,110/07/27,18654939,986141697,53.3,53.3,52.6,53.0,-0.2,8187
17,110/07/26,24737557,1320028119,53.4,53.8,53.0,53.2,0.2,10862
16,110/07/23,34420099,1813726922,52.3,53.1,52.2,53.0,0.9,13742
15,110/07/22,16553240,861904218,52.3,52.3,51.9,52.1,0.3,7073
14,110/07/21,24843451,1291868626,52.0,52.4,51.7,51.8,0.1,10518
13,110/07/20,10145510,523710103,51.6,51.8,51.4,51.7,-0.3,4446
12,110/07/19,11286149,583396825,51.4,52.0,51.3,52.0,0.5,4773
11,110/07/16,12188101,627236112,51.5,51.6,51.3,51.5,-0.1,5958
10,110/07/15,11938157,615005211,51.5,51.8,51.3,51.6,0.1,5094
9,110/07/14,20343534,1047180343,51.9,52.0,51.3,51.5,-0.4,8784
8,110/07/13,23392966,1217373151,52.5,52.5,51.7,51.9,-0.3,9927
7,110/07/12,26725789,1390815526,52.2,52.4,51.8,52.2,0.2,10097
6,110/07/09,37913759,1977412863,52.5,52.8,51.8,52.0,-0.8,16074
5,110/07/08,53623501,2814784412,51.5,52.9,51.5,52.8,1.5,22774
4,110/07/07,24259700,1241307825,51.1,51.3,51.0,51.3,0.1,10028
3,110/07/06,24057474,1227257324,50.9,51.3,50.7,51.2,0.6,10566
2,110/07/05,24887100,1261086884,50.9,51.0,50.5,50.6,0.1,10379
1,110/07/02,17261412,874049827,50.6,50.9,50.5,50.5,-0.1,9946
0,110/07/01,21255834,1077678755,50.9,51.0,50.6,50.6,-0.4,10298
20,110/06/30,13888581,709208377,51.1,51.2,50.9,51.0,-0.2,7174
19,110/06/29,11142372,569049268,51.1,51.2,50.9,51.2,0.1,5523
18,110/06/28,16044822,818777694,51.0,51.2,50.8,51.1,0.1,7180
17,110/06/25,16027596,818185461,51.1,51.3,50.8,51.0,-0.1,8051
16,110/06/24,13545751,691369731,51.0,51.2,50.8,51.1,0.1,4747
15,110/06/23,16479092,838303576,50.9,51.1,50.5,51.0,0.1,6359
14,110/06/22,15262032,777774454,50.7,51.2,50.6,50.9,0.2,6587
13,110/06/21,20719944,1050893361,50.5,51.2,50.4,50.7,-0.3,9089
12,110/06/18,24209277,1236734265,51.3,51.4,51.0,51.0,-0.5,9442
11,110/06/17,15211770,783838131,51.6,51.8,51.4,51.5,-0.4,7280
10,110/06/16,17406495,900092736,51.4,52.0,51.3,51.9,0.6,8587
9,110/06/15,9340616,477995429,51.1,51.4,51.0,51.3,-0.1,4670
8,110/06/11,8545178,438820492,51.5,51.6,51.2,51.4,-0.1,3943
7,110/06/10,9323968,477156302,51.3,51.5,50.9,51.5,0.2,4307
6,110/06/09,11685183,596022339,51.1,51.4,50.8,51.3,-0.1,6534
5,110/06/08,8763161,449962190,51.8,51.8,51.1,51.4,-0.1,5009
4,110/06/07,12370230,636060324,51.9,52.0,50.8,51.5,-0.4,6835
3,110/06/04,12355472,641443642,52.3,52.3,51.7,51.9,-0.4,6843
2,110/06/03,23863470,1242256578,52.0,52.4,51.8,52.3,0.3,10596
1,110/06/02,22482449,1161954262,51.6,52.1,51.4,52.0,0.5,10185
0,110/06/01,9774499,502441292,51.6,51.6,51.2,51.5,-0.1,4923
20,110/05/31,24168725,1239154572,50.6,51.6,50.5,51.6,1.0,9705
19,110/05/28,16662777,840647618,50.4,50.7,50.1,50.6,0.3,7317
18,110/05/27,41438932,2076431036,50.0,50.4,49.85,50.3,-0.4,13560
17,110/05/26,18836027,958796425,51.1,51.5,50.6,50.7,-0.4,9166
16,110/05/25,15077611,772387966,51.4,51.6,51.0,51.1,-0.2,8958
15,110/05/24,16039843,819541028,50.8,51.5,50.4,51.3,0.1,7548
14,110/05/21,29217416,1515662783,53.9,53.9,50.8,51.2,0.4,12000
13,110/05/20,31634237,1604836638,51.0,51.3,50.0,50.8,0.3,12606
12,110/05/19,29743622,1494616213,49.9,50.8,49.5,50.5,0.5,13416
11,110/05/18,32663784,1618241584,48.2,50.0,48.2,50.0,2.1,14854
10,110/05/17,52837567,2541063222,47.8,49.05,47.5,47.9,-1.7,25508
9,110/05/14,38504239,1914633598,49.6,50.3,49.3,49.6,0.4,16155
8,110/05/13,54496157,2663178339,47.45,50.0,47.25,49.2,-0.4,24641
7,110/05/12,97055506,4805266046,51.1,51.6,47.5,49.6,-2.0,46424
6,110/05/11,55872332,2913813238,52.5,53.2,50.9,51.6,-1.3,24787
5,110/05/10,31901563,1681573246,52.5,53.3,52.2,52.9,0.6,14425
4,110/05/07,43699244,2283736987,53.2,53.4,51.7,52.3,-0.7,20582
3,110/05/06,43460127,2248829790,50.9,53.0,50.9,53.0,2.2,18719
2,110/05/05,51699126,2600108151,50.0,51.4,49.6,50.8,0.6,17527
1,110/05/04,93561732,4719905037,51.4,52.0,49.0,50.2,-1.0,34397
0,110/05/03,59137235,3034807637,52.0,52.0,50.6,51.2,-0.9,26287
18,110/04/29,44585563,2336765438,53.0,53.1,52.1,52.1,-1.1,21163
17,110/04/28,42357712,2225015075,52.7,53.2,52.1,53.2,0.5,19766
16,110/04/27,41576962,2191107853,53.2,53.2,52.5,52.7,-0.4,20636
15,110/04/26,79418607,4226623533,53.4,54.2,52.1,53.1,0.1,35187
14,110/04/23,105526229,5547615744,53.7,53.8,51.1,53.0,-1.1,45023
13,110/04/22,204668299,11590653736,57.1,58.7,53.5,54.1,-1.6,82759
12,110/04/21,139647984,7594206791,52.2,56.9,52.1,55.7,3.7,58872
11,110/04/20,93792314,4926535026,53.1,54.9,51.1,52.0,1.6,42840
10,110/04/19,61427913,3074242573,49.9,50.5,49.75,50.4,1.4,27163
9,110/04/16,54142060,2622752960,47.9,49.0,47.75,49.0,1.1,19206
8,110/04/15,39227693,1880939840,47.05,48.5,47.0,47.9,0.9,14647
7,110/04/14,26957007,1265737458,47.25,47.3,46.6,47.0,-0.2,11132
6,110/04/13,31772378,1500852046,46.9,47.5,46.85,47.2,0.35,14139
5,110/04/12,18150925,849423889,46.7,46.85,46.7,46.85,0.15,7261
4,110/04/09,19693919,922360423,46.9,47.05,46.7,46.7,-0.2,9966
3,110/04/08,16095270,753019406,46.7,46.9,46.6,46.9,0.1,7734
2,110/04/07,12964742,606582722,46.8,46.85,46.7,46.8,-0.05,5953
1,110/04/06,33845298,1584212660,46.85,46.95,46.6,46.85,0.15,13638
0,110/04/01,16542110,772765655,46.85,46.95,46.6,46.7,-0.1,7051
21,110/03/31,21882853,1022451932,46.6,46.8,46.55,46.8,0.25,8822
20,110/03/30,34184434,1587363402,46.5,46.6,46.25,46.55,0.05,8354
19,110/03/29,31037275,1441000335,46.45,46.6,46.2,46.5,0.35,11788
18,110/03/26,39771169,1831556508,45.6,46.25,45.6,46.15,0.6,14731
17,110/03/25,23439316,1066131621,45.55,45.65,45.35,45.55,0.0,9509
16,110/03/24,21118254,962980283,45.7,45.75,45.5,45.55,-0.15,9483
15,110/03/23,38751832,1773398488,46.0,46.0,45.6,45.7,-0.1,15253
14,110/03/22,102000789,4674290576,46.85,46.9,45.05,45.8,3.1,42072
13,110/03/19,23488235,1004044763,43.0,43.0,42.6,42.7,-0.4,6968
12,110/03/18,14889159,641451149,42.9,43.25,42.9,43.1,0.25,6539
11,110/03/17,12653419,542051941,42.7,42.95,42.65,42.85,0.25,6625
10,110/03/16,10741370,457117591,42.4,42.7,42.35,42.6,0.25,4876
9,110/03/15,24555341,1043325517,42.7,42.75,42.3,42.35,-0.35,12410
8,110/03/12,18550910,791480365,42.8,42.85,42.55,42.7,-0.15,8663
7,110/03/11,22296062,958151923,43.15,43.2,42.85,42.85,-0.15,8472
6,110/03/10,23663072,1018547236,43.4,43.4,42.9,43.0,-0.4,10925
5,110/03/09,24736825,1065107252,42.9,43.4,42.8,43.4,0.75,11262
4,110/03/08,29090035,1178550422,42.6,42.9,42.55,42.65,0.15,5849
3,110/03/05,9262307,392707343,42.15,42.5,42.05,42.5,0.0,3296
2,110/03/04,19801467,838685338,42.55,42.55,42.15,42.5,-0.05,6972
1,110/03/03,18135047,769759407,42.4,42.6,42.25,42.55,0.45,5415
0,110/03/02,21420625,906927040,42.25,42.5,42.1,42.1,0.1,6796
12,110/02/26,32005798,1351588255,42.7,42.7,42.0,42.0,-0.9,10051
11,110/02/25,15132154,646991953,42.8,42.9,42.6,42.9,0.35,6221
10,110/02/24,19312353,822265834,42.8,42.9,42.4,42.55,0.1,6981
9,110/02/23,26550808,1124467897,42.0,42.6,42.0,42.45,0.65,10867
8,110/02/22,23412037,979301542,41.7,42.1,41.55,41.8,0.2,8906
7,110/02/19,16913305,698623936,41.35,41.65,41.05,41.6,0.25,7426
6,110/02/18,19542360,810266027,41.25,41.65,41.2,41.35,0.1,7311
5,110/02/17,24248267,995895623,41.0,41.3,40.8,41.25,0.4,10591
4,110/02/05,13267133,540126833,40.55,40.9,40.55,40.85,0.45,5814
3,110/02/04,17917913,725268583,40.5,40.65,40.4,40.4,-0.15,6810
2,110/02/03,24925042,1011154517,40.8,40.9,40.5,40.55,-0.2,9528
1,110/02/02,19228013,786791701,40.95,41.15,40.65,40.75,-0.05,7404
0,110/02/01,11796904,480094851,40.3,40.95,40.3,40.8,0.65,5469
19,110/01/29,20902501,841415228,40.25,40.45,40.15,40.15,-0.1,8346
18,110/01/28,22411197,903138507,40.25,40.6,40.2,40.25,-0.1,12318
17,110/01/27,17017733,687706026,40.4,40.7,40.35,40.35,0.0,9277
16,110/01/26,35437633,1433392327,40.7,40.9,40.2,40.35,-0.55,16353
15,110/01/25,20825228,851569715,40.65,41.1,40.6,40.9,0.3,7500
14,110/01/22,28591283,1160115848,40.75,40.8,40.5,40.6,-0.2,12782
13,110/01/21,17924123,733949569,41.0,41.15,40.8,40.8,-0.15,9025
12,110/01/20,35184150,1443512413,41.65,41.7,40.8,40.95,-0.8,17720
11,110/01/19,12118298,506140365,41.6,42.0,41.6,41.75,0.15,5920
10,110/01/18,25218241,1047473930,41.95,41.95,41.4,41.6,-0.35,12722
9,110/01/15,30713520,1294481553,42.5,42.5,41.95,41.95,-0.6,12309
8,110/01/14,20065858,854254306,42.8,42.8,42.45,42.55,-0.15,9445
7,110/01/13,19069294,814058055,42.7,42.85,42.6,42.7,0.0,8481
6,110/01/12,12308587,526908764,43.0,43.05,42.7,42.7,-0.4,5011
5,110/01/11,12931584,554833283,42.85,43.1,42.75,43.1,0.15,4475
4,110/01/08,17406803,746290426,42.9,43.0,42.8,42.95,0.1,7092
3,110/01/07,21050886,903047634,42.95,43.15,42.85,42.85,-0.1,8180
2,110/01/06,19007699,817300595,43.1,43.3,42.8,42.95,-0.15,7543
1,110/01/05,16631219,717454208,43.25,43.4,43.0,43.1,-0.1,5512
0,110/01/04,13744417,594543948,43.2,43.5,43.05,43.2,0.0,5884
22,109/12/31,12485636,541368070,43.3,43.75,43.2,43.2,-0.05,4638
21,109/12/30,10647529,458648975,42.9,43.3,42.8,43.25,0.25,4701
20,109/12/29,9405324,404340638,43.1,43.2,42.8,43.0,0.0,4101
19,109/12/28,10451569,448599041,42.9,43.1,42.8,43.0,0.2,4744
18,109/12/25,9499247,406635677,42.8,43.0,42.7,42.8,0.1,4104
17,109/12/24,9088234,388645359,43.0,43.0,42.7,42.7,-0.1,3573
16,109/12/23,11649814,497760247,42.8,42.8,42.65,42.8,-0.15,4443
15,109/12/22,15060803,648874322,43.2,43.4,42.8,42.95,-0.55,6531
14,109/12/21,16111561,698561845,43.0,43.5,42.95,43.5,0.55,6165
13,109/12/18,12765924,547589028,42.7,43.0,42.7,42.95,0.3,4870
12,109/12/17,14222704,608429836,43.0,43.05,42.65,42.65,-0.4,5565
11,109/12/16,14247751,614109728,42.65,43.25,42.65,43.05,0.55,6087
10,109/12/15,13683659,583007572,42.7,42.8,42.5,42.5,-0.3,5294
9,109/12/14,9351047,400221823,42.9,42.9,42.7,42.8,-0.1,4000
8,109/12/11,15582483,670601182,43.25,43.45,42.85,42.9,-0.35,5257
7,109/12/10,12939312,559912228,43.25,43.45,43.15,43.25,-0.1,4695
6,109/12/09,12638569,549228360,43.55,43.65,43.35,43.35,-0.25,4723
5,109/12/08,15203236,659709336,43.3,43.7,43.2,43.6,0.05,5150
4,109/12/07,11558504,502661433,43.7,43.8,43.35,43.55,-0.1,4815
3,109/12/04,18307310,798796989,43.9,43.95,43.5,43.65,0.15,7749
2,109/12/03,30508963,1334667705,43.65,44.05,43.5,43.5,0.3,10567
1,109/12/02,14541457,627343221,43.15,43.2,43.0,43.2,0.05,4114
0,109/12/01,10053337,431343069,42.8,43.15,42.7,43.15,0.25,4106
20,109/11/30,35794092,1542607249,43.35,43.6,42.9,42.9,-0.4,5757
19,109/11/27,19082436,825030857,43.0,43.35,42.85,43.3,0.35,7066
18,109/11/26,11145193,478351052,42.7,43.05,42.65,42.95,0.35,3894
17,109/11/25,12104948,518399944,42.9,43.05,42.6,42.6,-0.15,4657
16,109/11/24,11772043,505144004,43.05,43.15,42.75,42.75,-0.25,4157
15,109/11/23,15854621,681259860,42.9,43.05,42.7,43.0,0.3,5052
14,109/11/20,15549529,663114065,42.75,42.8,42.5,42.7,-0.2,5846
13,109/11/19,14887444,638223961,42.65,43.0,42.65,42.9,0.2,4719
12,109/11/18,21092697,902854467,42.95,43.0,42.65,42.7,-0.05,7560
11,109/11/17,15887725,676659030,42.6,42.75,42.35,42.75,0.4,5698
10,109/11/16,13961547,591054644,42.45,42.6,42.2,42.35,0.1,5686
9,109/11/13,10711319,452722476,42.35,42.4,42.2,42.25,-0.15,3366
8,109/11/12,22898663,958495854,42.85,42.9,42.25,42.4,-0.25,7070
7,109/11/11,40232987,1709107292,41.9,42.95,41.8,42.65,1.1,14926
6,109/11/10,21551829,891576828,41.15,41.55,41.05,41.55,0.4,6445
5,109/11/09,11700972,481258469,41.25,41.3,41.0,41.15,0.3,4600
4,109/11/06,10399941,425133874,41.05,41.1,40.75,40.85,-0.2,4218
3,109/11/05,11420325,468237210,41.0,41.15,40.85,41.05,0.15,4650
2,109/11/04,8282879,338627924,40.85,41.0,40.75,40.9,-0.05,3947
1,109/11/03,7063658,287616155,40.7,40.95,40.6,40.95,0.35,3528
0,109/11/02,4547735,184453918,40.45,40.6,40.45,40.6,0.05,2114
18,109/10/30,8723616,353231776,40.35,40.6,40.3,40.55,0.2,2925
17,109/10/29,9421094,380693194,40.35,40.55,40.2,40.35,-0.2,3988
16,109/10/28,8197644,332547148,40.5,40.7,40.5,40.55,0.05,3611
15,109/10/27,11560290,467442692,40.4,40.6,40.35,40.5,0.0,4854
14,109/10/26,9110492,369589583,40.6,40.85,40.5,40.5,-0.15,4561
13,109/10/23,7145218,291064187,41.05,41.1,40.55,40.65,-0.35,3525
12,109/10/22,7830669,318509868,40.3,41.0,40.3,41.0,0.7,3011
11,109/10/21,10476431,423561360,40.5,40.6,40.3,40.3,-0.05,5069
10,109/10/20,10707136,432124478,40.5,40.6,40.2,40.35,-0.1,5164
9,109/10/19,7310107,296628613,40.6,40.75,40.45,40.45,0.15,3181
8,109/10/16,8051994,325137942,40.25,40.5,40.25,40.3,0.0,3659
7,109/10/15,13255777,534196175,40.45,40.45,40.15,40.3,-0.2,5401
6,109/10/14,11459740,465580345,40.75,40.95,40.5,40.5,0.0,4501
5,109/10/13,10830846,438488554,40.75,40.9,40.35,40.5,-0.45,5617
4,109/10/12,12889390,527819227,41.15,41.3,40.7,40.95,-0.2,5615
3,109/10/08,11267841,462972491,41.3,41.35,40.95,41.15,0.0,4041
2,109/10/07,13510779,555975896,41.45,41.5,41.0,41.15,-0.25,4099
1,109/10/06,7880703,325526824,41.3,41.45,41.15,41.4,0.4,2778
0,109/10/05,8847997,364378782,41.5,41.65,41.0,41.0,-0.4,4197
21,109/09/30,13689470,568630848,41.6,41.8,41.25,41.4,0.2,4492
20,109/09/29,17122449,706835419,41.2,41.6,41.0,41.2,0.25,5100
19,109/09/28,10460452,426818615,40.75,40.95,40.65,40.95,0.4,4248
18,109/09/25,16090704,651617888,40.5,40.75,40.2,40.55,0.5,7690
17,109/09/24,33370868,1340888521,40.4,40.5,40.0,40.05,-0.95,15953
16,109/09/23,34750872,1428017599,41.8,41.8,40.9,41.0,-0.8,17586
15,109/09/22,19688474,825416982,42.15,42.15,41.6,41.8,-0.45,6986
14,109/09/21,9245935,391431618,42.35,42.5,42.2,42.25,-0.25,4950
13,109/09/18,13180812,560008805,42.55,42.65,42.35,42.5,-0.05,3323
12,109/09/17,11453103,489024622,42.85,43.0,42.45,42.55,-0.3,5343
11,109/09/16,14843767,634556408,42.65,42.9,42.6,42.85,0.15,5779
10,109/09/15,11504426,490603254,42.95,42.95,42.5,42.7,-0.25,3975
9,109/09/14,14634572,622657796,42.35,42.95,42.3,42.95,0.65,4341
8,109/09/11,12274765,519104812,42.45,42.45,42.2,42.3,-0.15,3885
7,109/09/10,14342664,607049240,42.6,42.7,42.1,42.45,-0.1,5086
6,109/09/09,16304790,689326590,42.15,42.6,42.0,42.55,-0.15,5800
5,109/09/08,13631272,582842159,43.0,43.1,42.65,42.7,0.0,5228
4,109/09/07,16138880,686262651,42.05,42.7,42.0,42.7,0.5,5686
3,109/09/04,24289159,1024781812,42.3,42.3,42.05,42.2,-0.5,6673
2,109/09/03,23814755,1015042703,42.65,43.0,42.4,42.7,0.05,11376
1,109/09/02,21361405,910798099,43.0,43.2,42.25,42.65,-0.1,7866
0,109/09/01,16607779,709608597,43.2,43.2,42.55,42.75,-0.15,7400
20,109/08/31,20250493,874427470,43.8,43.9,42.9,42.9,-0.60,8197
19,109/08/28,16716836,727623739,43.85,44.0,43.1,43.5,-0.35,7289
18,109/08/27,8813476,386680922,44.1,44.1,43.7,43.85,-0.25,3580
17,109/08/26,15157918,666509431,44.1,44.15,43.85,44.1,0.00,4287
16,109/08/25,14652550,647668748,44.4,44.4,44.0,44.1,+0.05,5331
15,109/08/24,15179952,670050341,44.25,44.3,43.7,44.05,-0.20,6699
14,109/08/21,23932276,1056488053,44.2,44.5,43.75,44.25,+0.75,7777
13,109/08/20,33185513,1455150340,44.45,45.0,43.0,43.5,-0.85,12610
12,109/08/19,30791311,1370455781,44.0,44.7,43.95,44.35,+0.35,12085
11,109/08/18,31547965,1387857153,43.45,44.3,43.45,44.0,+0.65,13931
10,109/08/17,18671833,810417504,43.25,43.85,43.2,43.35,+0.50,7756
9,109/08/14,36239984,1535910762,41.3,43.0,41.25,42.85,+1.65,14561
8,109/08/13,31054952,1279760517,41.3,41.6,41.0,41.2,+0.20,18708
7,109/08/12,88740748,3663685102,41.4,41.45,40.85,41.0,X0.00,30412
6,109/08/11,32519966,1514883224,46.55,46.75,46.5,46.5,-0.10,8733
5,109/08/10,27092060,1265925967,46.9,47.0,46.5,46.6,-0.50,10978
4,109/08/07,30533956,1442332532,47.5,47.55,46.95,47.1,-0.05,12529
3,109/08/06,34077859,1600734352,46.95,47.15,46.5,47.15,+0.70,14960
2,109/08/05,41542772,1922530513,45.6,46.65,45.6,46.45,+1.05,14798
1,109/08/04,22411736,1014307711,44.95,45.65,44.95,45.4,+0.45,6280
0,109/08/03,13546103,607768472,45.0,45.0,44.7,44.95,-0.05,4608
22,109/07/31,11621829,525614955,45.35,45.5,45.0,45.0,-0.35,5178
21,109/07/30,10024771,453239486,45.2,45.4,44.95,45.35,0.3,3433
20,109/07/29,17660823,796400935,44.5,45.25,44.35,45.05,0.55,5792
19,109/07/28,18757943,834387411,44.4,44.95,44.0,44.5,-0.1,6219
18,109/07/27,13606623,609540860,44.95,45.25,44.6,44.6,-0.4,4669
17,109/07/24,11746156,531616970,45.3,45.45,45.0,45.0,-0.6,4674
16,109/07/23,14367522,654266106,45.5,45.65,45.2,45.6,0.1,5572
15,109/07/22,16703486,759777371,45.4,45.75,45.3,45.5,-0.05,7502
14,109/07/21,31577801,1439901509,45.25,45.8,45.2,45.55,0.45,8427
13,109/07/20,15003737,676857015,44.8,45.25,44.75,45.1,0.3,4973
12,109/07/17,14423247,647163369,44.85,45.1,44.65,44.8,0.3,5956
11,109/07/16,36668838,1638986350,45.45,45.45,44.4,44.5,-1.1,11916
10,109/07/15,26551742,1209835417,45.4,45.75,45.3,45.6,0.3,6106
9,109/07/14,12095615,547237928,45.1,45.4,45.05,45.3,0.1,4083
8,109/07/13,13284482,599667540,45.0,45.3,44.9,45.2,0.25,4475
7,109/07/10,17481909,789085576,45.3,45.35,44.95,44.95,-0.35,6227
6,109/07/09,21763786,986948925,45.4,45.45,45.15,45.3,0.15,7650
5,109/07/08,23461258,1054913481,44.4,45.15,44.35,45.15,0.65,8787
4,109/07/07,19194610,850838356,44.4,44.55,44.05,44.5,0.1,6925
3,109/07/06,21176594,939084941,44.0,44.5,44.0,44.4,0.45,8005
2,109/07/03,20191659,886893826,43.8,44.05,43.8,43.95,0.35,5748
1,109/07/02,18208381,792183247,43.2,43.7,43.0,43.6,0.5,6053
0,109/07/01,16849718,724826902,42.75,43.2,42.7,43.1,0.35,7420
19,109/06/30,12448715,532833070,42.9,42.9,42.75,42.75,0.1,4973
18,109/06/29,13244414,565549779,42.6,42.85,42.6,42.65,-0.2,5813
17,109/06/24,14382227,615991311,42.9,43.0,42.7,42.85,0.15,8189
16,109/06/23,14116429,604267273,43.0,43.0,42.7,42.7,-0.2,7036
15,109/06/22,12590838,538775823,42.85,43.1,42.65,42.9,0.35,6717
14,109/06/19,25125556,1073041829,42.8,43.2,42.55,42.55,-0.15,9486
13,109/06/18,10558799,450935298,42.85,42.9,42.6,42.7,-0.15,6118
12,109/06/17,14696654,626818544,42.8,42.85,42.55,42.85,0.0,8539
11,109/06/16,11897301,510156938,42.75,43.15,42.7,42.85,0.35,8204
10,109/06/15,17874614,762470767,42.75,42.95,42.5,42.5,-0.4,8950
9,109/06/12,21783848,933217214,42.5,43.0,42.45,42.9,-0.4,8779
8,109/06/11,16466320,719101496,43.9,44.05,43.3,43.3,-0.7,9121
7,109/06/10,22750386,999014263,43.75,44.15,43.5,44.0,0.1,9742
6,109/06/09,14104400,617295643,43.65,43.9,43.6,43.9,-0.05,6513
5,109/06/08,15341602,670784440,43.75,43.95,43.5,43.95,0.3,5785
4,109/06/05,8873983,386149271,43.5,43.65,43.35,43.65,0.25,4817
3,109/06/04,13868624,603196516,44.0,44.0,43.3,43.4,-0.25,6031
2,109/06/03,18791075,820378010,43.5,43.9,43.4,43.65,0.35,8453
1,109/06/02,12568609,543078464,43.15,43.3,43.05,43.3,0.2,6184
0,109/06/01,13078634,563016744,42.95,43.15,42.75,43.1,0.55,6028
19,109/05/29,37201707,1583278087,42.35,42.8,42.25,42.55,0.2,5711
18,109/05/28,16239519,691419332,42.85,42.9,42.35,42.35,-0.5,7015
17,109/05/27,11688598,500802504,42.7,43.1,42.7,42.85,-0.15,7025
16,109/05/26,14316519,615746367,42.95,43.2,42.8,43.0,0.35,5560
15,109/05/25,11390429,483814432,42.65,42.7,42.2,42.65,0.0,5049
14,109/05/22,12617893,539523175,43.0,43.1,42.6,42.65,-0.35,5235
13,109/05/21,12472312,536956066,43.0,43.15,42.8,43.0,0.1,6587
12,109/05/20,11157906,480344408,43.2,43.2,42.9,42.9,-0.1,4058
11,109/05/19,21443073,922409089,42.9,43.2,42.7,43.0,0.65,8733
10,109/05/18,10674074,452028641,42.0,42.7,42.0,42.35,0.05,5151
9,109/05/15,9148609,387916013,42.65,42.75,42.25,42.3,-0.3,4379
8,109/05/14,15587566,661439971,42.55,42.8,42.2,42.6,-0.3,6702
7,109/05/13,16361936,695975641,42.7,42.9,42.3,42.9,-0.05,7256
6,109/05/12,10886203,466860003,42.75,43.1,42.75,42.95,-0.2,4979
5,109/05/11,12671272,548148231,43.2,43.45,43.15,43.15,0.15,4745
4,109/05/08,11586777,497571291,43.1,43.1,42.75,43.0,0.3,3544
3,109/05/07,9145536,391839031,42.8,43.1,42.5,42.7,0.1,3762
2,109/05/06,10809816,460727235,42.55,42.95,42.3,42.6,-0.25,5114
1,109/05/05,14616480,625624459,42.3,43.05,42.3,42.85,0.65,6366
0,109/05/04,18229830,769716744,41.6,42.65,41.6,42.2,-1.0,7154
19,109/04/30,18924976,816168818,42.55,43.35,42.55,43.2,0.65,6948
18,109/04/29,13649106,579815570,42.3,42.55,42.25,42.55,0.3,5259
17,109/04/28,9714821,408714019,42.3,42.3,41.85,42.25,0.25,4699
16,109/04/27,14249222,599656974,42.25,42.4,42.0,42.0,0.0,5519
15,109/04/24,9369114,393496549,42.15,42.2,41.7,42.0,-0.15,5481
14,109/04/23,16668832,700507486,41.6,42.4,41.6,42.15,0.55,9521
13,109/04/22,12760896,529747313,41.4,41.7,41.25,41.6,-0.2,5725
12,109/04/21,17436480,730722475,42.35,42.45,41.6,41.8,-0.55,7727
11,109/04/20,10237650,433091189,42.2,42.5,42.1,42.35,0.35,5291
10,109/04/17,13674541,576751822,42.2,42.4,41.95,42.0,0.15,5119
9,109/04/16,13136721,549857838,41.45,42.1,41.35,41.85,0.05,4510
8,109/04/15,19431503,814365648,41.9,42.05,41.8,41.8,0.15,8917
7,109/04/14,15494328,641107803,40.8,41.8,40.8,41.65,0.85,6116
6,109/04/13,5565821,227706823,40.8,41.1,40.7,40.8,-0.2,2443
5,109/04/10,7289095,297972795,40.6,41.0,40.6,41.0,0.45,2613
4,109/04/09,14118997,574865574,41.0,41.1,40.5,40.55,-0.45,6059
3,109/04/08,19695492,805308322,40.0,41.2,40.0,41.0,1.05,8138
2,109/04/07,17317268,690581320,39.6,40.1,39.5,39.95,0.9,6715
1,109/04/06,12469065,486703606,39.5,39.55,38.5,39.05,0.05,4300
0,109/04/01,12970346,507742437,39.5,39.55,39.0,39.0,-0.5,4509
21,109/03/31,17002298,668791722,39.25,39.5,39.0,39.5,0.35,5348
20,109/03/30,11479147,445447560,38.25,39.2,38.0,39.15,0.2,4593
19,109/03/27,14154796,553157694,39.3,39.45,38.8,38.95,0.35,4980
18,109/03/26,17364088,676632258,39.5,39.5,38.55,38.6,-0.2,5675
17,109/03/25,17956597,701750294,39.05,39.5,38.7,38.8,0.55,7400
16,109/03/24,23929371,915895081,38.3,38.7,37.8,38.25,2.15,9572
15,109/03/23,30694697,1107450069,35.8,36.95,34.5,36.1,-0.85,8200
14,109/03/20,32820319,1184241762,34.15,36.95,34.15,36.95,3.35,11214
13,109/03/19,36658794,1251104218,34.9,34.9,33.35,33.6,-2.4,16611
12,109/03/18,36467777,1343606922,37.3,37.5,36.0,36.0,-1.6,15058
11,109/03/17,43649794,1649530268,38.0,38.2,37.45,37.6,-1.25,13944
10,109/03/16,20548943,811674382,40.25,40.25,38.85,38.85,-1.4,7705
9,109/03/13,42284434,1653643838,39.0,40.55,38.3,40.25,-0.5,14369
8,109/03/12,29637367,1215770160,41.7,41.8,40.4,40.75,-1.05,10800
7,109/03/11,15028516,630516266,42.0,42.25,41.7,41.8,0.2,5633
6,109/03/10,18373010,763447320,41.2,41.9,41.2,41.6,-0.25,6656
5,109/03/09,21445731,901372833,42.2,42.4,41.7,41.85,-1.0,7179
4,109/03/06,13206384,566064257,43.2,43.2,42.5,42.85,-0.45,4208
3,109/03/05,10483070,451950451,42.9,43.3,42.85,43.3,0.45,4048
2,109/03/04,9537433,408263824,42.6,42.95,42.6,42.85,0.2,3002
1,109/03/03,14474150,618431178,42.6,42.9,42.5,42.65,0.4,4446
0,109/03/02,19464670,820634945,41.4,42.6,41.4,42.25,0.0,6713
18,109/02/27,15386463,650149283,42.2,42.4,42.05,42.25,0.05,5246
17,109/02/26,20869167,883113162,42.15,42.6,42.1,42.2,-0.5,6656
16,109/02/25,17268484,737292511,42.35,43.0,42.3,42.7,-0.3,7454
15,109/02/24,12606292,541934056,43.0,43.2,42.8,43.0,-0.25,4073
14,109/02/21,10565795,456575839,43.15,43.35,43.05,43.25,0.1,2771
13,109/02/20,10840090,470884644,43.55,43.8,43.15,43.15,-0.25,3693
12,109/02/19,12463648,539911116,43.1,43.5,43.1,43.4,0.35,4144
11,109/02/18,9220879,396963797,43.0,43.2,42.9,43.05,0.05,2509
10,109/02/17,10347058,444890344,42.8,43.1,42.75,43.0,-0.2,3109
9,109/02/14,9297256,402285311,43.2,43.4,43.15,43.2,0.05,3502
8,109/02/13,18326337,790906891,42.8,43.45,42.8,43.15,0.35,6489
7,109/02/12,14367529,615124852,42.6,43.0,42.6,42.8,0.2,3855
6,109/02/11,15825702,675999276,42.5,42.9,42.5,42.6,0.2,4608
5,109/02/10,12820414,541670664,42.0,42.6,41.7,42.4,-0.1,4073
4,109/02/07,13537254,574693939,42.2,42.7,42.05,42.5,-0.5,4510
3,109/02/06,14063043,603883999,42.5,43.1,42.45,43.0,0.65,4029
2,109/02/05,15228671,644977888,42.5,42.65,41.95,42.35,-0.05,5257
1,109/02/04,20790788,878703530,41.6,42.7,41.6,42.4,0.85,8133
0,109/02/03,23001298,942583933,40.5,41.65,40.1,41.55,-0.5,8088
14,109/01/31,26430159,1116222284,41.75,42.5,41.75,42.05,0.2,8709
13,109/01/30,64150715,2725362280,42.7,43.05,41.6,41.85,-3.1,19930
12,109/01/20,8870270,398481034,44.95,45.0,44.85,44.95,0.05,3320
11,109/01/17,9522761,426564174,44.9,44.9,44.65,44.9,0.15,4164
10,109/01/16,14814952,662036531,44.5,44.95,44.45,44.75,0.2,5776
9,109/01/15,23662867,1053815288,44.55,44.7,44.3,44.55,0.0,7657
8,109/01/14,20357664,904504264,44.25,44.55,44.25,44.55,0.3,5770
7,109/01/13,23870603,1051194288,43.75,44.25,43.65,44.25,0.75,6532
6,109/01/10,12755874,554204406,43.45,43.5,43.35,43.5,0.05,3188
5,109/01/09,17899047,777095165,43.4,43.6,43.3,43.45,0.05,4299
4,109/01/08,13465670,583893343,43.15,43.55,43.15,43.4,-0.2,4685
3,109/01/07,14185347,616059913,43.45,43.6,43.2,43.6,0.15,4739
2,109/01/06,13867625,602752323,43.5,43.7,43.3,43.45,-0.5,5566
1,109/01/03,18387114,807459827,44.15,44.25,43.45,43.95,-0.15,6733
0,109/01/02,18470566,813465904,43.8,44.15,43.8,44.1,0.4,6251
21,108/12/31,8465583,369694894,43.65,43.8,43.5,43.7,0.05,3374
20,108/12/30,20828515,909496247,43.35,43.9,43.3,43.65,0.4,6151
19,108/12/27,9708049,418613669,43.1,43.25,43.0,43.25,0.2,2564
18,108/12/26,5645778,242685554,43.15,43.15,42.9,43.05,-0.05,1850
17,108/12/25,6263599,269596607,43.0,43.25,42.9,43.1,-0.05,2200
16,108/12/24,7316572,316064095,43.25,43.35,43.05,43.15,-0.1,2355
15,108/12/23,14298499,616191040,42.95,43.25,42.95,43.25,0.3,5138
14,108/12/20,17435375,748929086,43.0,43.1,42.8,42.95,-0.05,4262
13,108/12/19,14560126,624922837,43.0,43.0,42.75,43.0,0.0,3019
12,108/12/18,14551789,624946088,42.85,43.1,42.8,43.0,0.05,4986
11,108/12/17,12338642,528412057,42.85,42.95,42.7,42.95,0.15,4162
10,108/12/16,13795707,590586659,42.85,43.0,42.65,42.8,0.25,4564
9,108/12/13,20556121,875686573,42.4,42.85,42.4,42.55,0.25,6030
8,108/12/12,13217566,559380264,42.25,42.4,42.2,42.3,0.15,4046
7,108/12/11,9100929,383853812,42.1,42.25,42.05,42.15,0.05,2859
6,108/12/10,7015702,295106234,42.05,42.2,41.9,42.1,0.05,2603
5,108/12/09,11767308,494002436,41.85,42.15,41.75,42.05,0.3,4656
4,108/12/06,6197147,258627565,41.7,41.85,41.55,41.75,0.1,3078
3,108/12/05,9435038,394002737,41.75,41.9,41.6,41.65,-0.1,3363
2,108/12/04,10153425,422099149,41.85,41.85,41.35,41.75,-0.1,3978
1,108/12/03,9134362,380538703,41.3,41.95,41.2,41.85,0.5,3677
0,108/12/02,12911289,533268055,41.4,41.45,41.2,41.35,-0.05,4514
20,108/11/29,20360501,846939162,41.9,41.95,41.35,41.4,-0.6,6395
19,108/11/28,14516494,610064708,42.0,42.15,41.85,42.0,0.05,3039
18,108/11/27,14148776,592094419,41.9,41.95,41.7,41.95,0.15,3499
17,108/11/26,28215287,1182877578,42.2,42.35,41.8,41.8,-0.15,5255
16,108/11/25,12268269,515146866,42.1,42.15,41.8,41.95,-0.15,4504
15,108/11/22,12229956,515168914,42.5,42.5,42.0,42.1,-0.25,4433
14,108/11/21,14077324,595050994,42.55,42.55,42.0,42.35,-0.3,5894
13,108/11/20,31408407,1334069965,42.25,42.9,42.1,42.65,0.55,10104
12,108/11/19,22113741,925724822,41.5,42.15,41.5,42.1,0.0,7434
11,108/11/18,21159000,889120805,41.9,42.15,41.9,42.1,0.4,8174
10,108/11/15,23247179,964567617,41.4,41.7,41.3,41.7,0.55,8238
9,108/11/14,14086839,578439452,41.15,41.2,40.85,41.15,0.15,4170
8,108/11/13,21129150,868053250,40.9,41.35,40.85,41.0,0.35,6798
7,108/11/12,7037616,285443692,40.5,40.65,40.4,40.65,0.3,2850
6,108/11/11,12826988,520290419,40.9,40.95,40.35,40.35,-0.55,4810
5,108/11/08,11377794,465745188,41.0,41.05,40.85,40.9,-0.05,3987
4,108/11/07,12007844,489918767,40.8,40.95,40.6,40.95,0.15,4451
3,108/11/06,9892260,404016616,40.9,40.95,40.75,40.8,-0.1,3535
2,108/11/05,16540120,674384102,41.0,41.05,40.55,40.9,-0.05,4853
1,108/11/04,18815577,769517691,40.7,41.15,40.65,40.95,0.4,6461
0,108/11/01,9416327,381145627,40.45,40.6,40.3,40.55,0.1,2895
20,108/10/31,14050758,568484862,40.5,40.65,40.35,40.45,0.1,5907
19,108/10/30,20075650,809801570,40.65,40.65,40.2,40.35,-0.3,7943
18,108/10/29,18269003,741722655,40.9,40.9,40.35,40.65,-0.1,5868
17,108/10/28,11235915,458199037,41.05,41.15,40.6,40.75,-0.1,4783
16,108/10/25,21160672,863421380,41.2,41.25,40.6,40.85,-0.15,7604
15,108/10/24,14762042,604292372,41.05,41.25,40.75,41.0,0.05,6233
14,108/10/23,18481663,757279466,41.4,41.4,40.8,40.95,-0.45,7210
13,108/10/22,17732106,731969694,41.7,41.7,41.1,41.4,-0.1,7306
12,108/10/21,23863475,990293117,41.25,41.75,41.25,41.5,0.55,8680
11,108/10/18,48548299,1980985217,40.2,41.1,40.1,40.95,0.85,11437
10,108/10/17,12869437,515271575,40.05,40.1,39.95,40.1,0.1,5237
9,108/10/16,14023861,560003340,40.1,40.1,39.8,40.0,0.0,5418
8,108/10/15,9498872,379084866,40.0,40.05,39.75,40.0,0.05,3832
7,108/10/14,19955639,796976600,40.1,40.15,39.6,39.95,0.45,6898
6,108/10/09,10114757,401135124,39.75,39.8,39.5,39.5,-0.25,4085
5,108/10/08,14023971,556545801,39.75,39.75,39.45,39.75,0.45,5782
4,108/10/07,6996308,274356702,39.05,39.35,39.0,39.3,0.4,3409
3,108/10/04,10045259,390571570,39.1,39.1,38.75,38.9,-0.1,4332
2,108/10/03,12824802,498738155,38.95,39.1,38.65,39.0,-0.25,5593
1,108/10/02,15424274,607362423,39.65,39.75,39.2,39.25,-0.4,6645
0,108/10/01,15615126,619525116,39.9,39.95,39.5,39.65,0.0,6226
18,108/09/27,12600833,500584414,40.0,40.0,39.6,39.65,-0.25,6055
17,108/09/26,10091704,401828611,39.85,40.0,39.65,39.9,0.3,6233
16,108/09/25,15820226,627474172,39.85,39.9,39.6,39.6,-0.2,4688
15,108/09/24,18541765,736909716,39.9,39.95,39.6,39.8,0.05,7546
14,108/09/23,14124846,563647490,40.2,40.2,39.75,39.75,-0.45,5029
13,108/09/20,15097107,603579875,39.8,40.2,39.65,40.2,0.4,3212
12,108/09/19,6222051,247915040,40.0,40.0,39.7,39.8,0.0,2701
11,108/09/18,14280620,570186300,39.6,40.1,39.6,39.8,0.3,6522
10,108/09/17,19084656,755376740,40.1,40.1,39.35,39.5,-0.6,6642
9,108/09/16,17271304,692896719,40.05,40.25,39.9,40.1,0.05,6167
8,108/09/12,14268314,571869983,40.15,40.2,40.0,40.05,0.05,5828
7,108/09/11,12764481,509421828,40.15,40.15,39.75,40.0,0.05,4590
6,108/09/10,12337067,493279606,40.15,40.25,39.85,39.95,-0.05,4205
5,108/09/09,16943215,677411317,40.0,40.2,39.8,40.0,0.15,6996
4,108/09/06,26871485,1066474111,39.05,40.1,39.05,39.85,0.85,10541
3,108/09/05,15438292,599406328,38.5,39.0,38.5,39.0,0.55,5761
2,108/09/04,9142411,351164012,38.25,38.5,38.25,38.45,0.1,3319
1,108/09/03,12035375,461939826,38.25,38.45,38.25,38.35,0.1,3435
0,108/09/02,17882221,683664084,38.45,38.45,38.05,38.25,-0.2,5648
20,108/08/30,20183196,769469853,38.0,38.45,37.85,38.45,+0.65,5089
19,108/08/29,9799389,368833075,37.9,37.9,37.5,37.8,+0.10,3712
18,108/08/28,8045693,302573243,37.65,37.7,37.5,37.7,+0.05,2978
17,108/08/27,13973985,525667299,37.9,37.9,37.5,37.65,-0.05,3647
16,108/08/26,17162342,644033846,37.85,37.85,37.15,37.7,-0.50,6041
15,108/08/23,7814273,296500722,37.8,38.2,37.75,38.2,+0.35,3176
14,108/08/22,10511944,398511728,38.1,38.15,37.8,37.85,-0.10,4553
13,108/08/21,11224764,426796410,38.15,38.2,37.9,37.95,-0.20,4876
12,108/08/20,8093335,309021700,38.3,38.3,38.1,38.15,+0.05,3616
11,108/08/19,12566435,479357620,38.15,38.4,38.0,38.1,+0.15,4923
10,108/08/16,11940427,453181273,38.1,38.1,37.8,37.95,-0.05,4658
9,108/08/15,15233101,577760799,37.95,38.2,37.65,38.0,-0.30,6670
8,108/08/14,25945962,985192698,37.9,38.4,37.55,38.3,+1.05,9594
7,108/08/13,47642885,1785538633,37.85,37.85,37.05,37.25,X0.00,14801
6,108/08/12,41575871,1827716242,43.9,44.15,43.9,43.95,+0.05,11423
5,108/08/08,23908237,1053662848,44.2,44.2,43.8,43.9,+0.55,6149
4,108/08/07,16771372,729441083,43.4,43.75,43.3,43.35,+0.05,5977
3,108/08/06,21429137,925730540,43.0,43.5,43.0,43.3,-0.25,8636
2,108/08/05,19388431,844324447,43.5,43.85,43.4,43.55,0.00,8386
1,108/08/02,29235522,1277523987,43.85,44.0,43.5,43.55,-0.50,10993
0,108/08/01,33643219,1485588854,44.5,44.55,44.0,44.05,-0.65,10943
22,108/07/31,13853882,619983828,44.8,44.9,44.65,44.7,-0.1,4695
21,108/07/30,9051203,405662100,44.95,44.95,44.6,44.8,-0.05,3480
20,108/07/29,13587745,610672625,44.85,45.1,44.75,44.85,0.2,4949
19,108/07/26,10693732,474603176,44.2,44.65,44.15,44.65,0.35,4390
18,108/07/25,18027435,802203541,44.8,44.8,44.3,44.3,-0.5,6889
17,108/07/24,18355808,824295610,45.05,45.1,44.8,44.8,-0.25,5003
16,108/07/23,12969865,582908169,45.0,45.1,44.75,45.05,0.15,5268
15,108/07/22,17981587,808162965,45.0,45.15,44.8,44.9,0.1,5500
14,108/07/19,18104510,808328336,44.7,44.9,44.55,44.8,0.2,5577
13,108/07/18,10693913,476678185,44.6,44.75,44.5,44.6,-0.1,3882
12,108/07/17,20286766,904596953,44.8,44.95,44.45,44.7,-0.05,6464
11,108/07/16,29790731,1321593891,44.05,44.85,44.0,44.75,0.7,7884
10,108/07/15,29743599,1309544294,44.35,44.35,43.85,44.05,-0.3,10000
9,108/07/12,27811314,1238019243,44.7,45.0,44.2,44.35,-0.45,9928
8,108/07/11,39584628,1780768618,45.85,45.85,44.7,44.8,-1.05,15001
7,108/07/10,17734832,814766330,46.05,46.2,45.8,45.85,-0.15,8097
6,108/07/09,9046656,416745977,46.2,46.25,46.0,46.0,-0.2,3325
5,108/07/08,13478986,622449666,46.15,46.35,46.0,46.2,0.05,4754
4,108/07/05,17864680,825198987,46.0,46.5,45.85,46.15,0.25,6750
3,108/07/04,17096640,784764429,46.2,46.25,45.7,45.9,-0.35,7269
2,108/07/03,16146167,747426445,46.2,46.45,46.05,46.25,-0.1,6342
1,108/07/02,17270479,801137003,46.0,46.6,45.9,46.35,0.2,6820
0,108/07/01,18711269,865316307,46.05,46.5,45.8,46.15,0.1,5933
18,108/06/28,17078549,783257054,46.0,46.05,45.6,46.05,0.1,3983
17,108/06/27,17469246,801971492,45.55,46.1,45.55,45.95,0.4,5967
16,108/06/26,8224286,374694385,45.65,45.65,45.5,45.55,-0.05,2661
15,108/06/25,11651818,530055117,45.6,45.6,45.3,45.6,0.0,4444
14,108/06/24,16874830,767509900,45.15,45.6,45.05,45.6,0.45,7260
13,108/06/21,19692353,890455941,45.45,45.45,45.1,45.15,-0.25,4854
12,108/06/20,15327679,694444881,45.35,45.45,45.05,45.4,0.1,4933
11,108/06/19,23271380,1051527546,45.5,45.5,44.8,45.3,0.1,9688
10,108/06/18,24566221,1107573626,45.0,45.3,44.9,45.2,0.5,8046
9,108/06/17,23824122,1064597233,44.1,44.95,44.1,44.7,0.75,9073
8,108/06/14,10784006,473506419,43.9,44.0,43.8,43.95,0.1,3999
7,108/06/13,12498995,546866990,43.95,43.95,43.6,43.85,0.1,5158
6,108/06/12,16608036,725424187,43.95,44.0,43.45,43.75,-0.25,7276
5,108/06/11,18430940,807941550,43.75,44.0,43.5,44.0,0.15,8808
4,108/06/10,23947432,1047570394,43.5,43.95,43.3,43.85,0.7,8591
3,108/06/06,14976358,643570905,43.0,43.15,42.85,43.15,0.15,6592
2,108/06/05,15507374,667769669,43.25,43.4,42.9,43.0,-0.1,7164
1,108/06/04,23367613,1017382842,43.45,44.0,43.1,43.1,-0.3,8918
0,108/06/03,18443241,795204611,42.65,43.4,42.6,43.4,0.5,7281
21,108/05/31,16750450,716268946,42.6,42.9,42.5,42.9,0.1,6685
20,108/05/30,16665186,709415429,42.45,42.8,42.4,42.8,0.3,5483
19,108/05/29,11926361,505031524,42.4,42.5,42.05,42.5,0.2,3973
18,108/05/28,22057803,934210261,42.7,42.7,42.3,42.3,-0.1,3749
17,108/05/27,11028081,469714977,42.55,42.9,42.35,42.4,0.05,4045
16,108/05/24,10885298,462183001,42.35,42.65,42.25,42.35,0.0,3654
15,108/05/23,13668997,580475611,42.8,42.8,42.3,42.35,-0.35,5301
14,108/05/22,10571129,451613096,42.9,42.95,42.45,42.7,-0.15,4480
13,108/05/21,17994481,768317922,42.5,42.85,42.35,42.85,0.5,6651
12,108/05/20,16141134,684662805,42.5,42.6,42.2,42.35,0.1,5871
11,108/05/17,13021732,550064184,42.0,42.5,42.0,42.25,0.25,5066
10,108/05/16,21245243,893189454,41.7,42.4,41.6,42.0,0.25,6858
9,108/05/15,15495692,647465771,41.55,41.95,41.55,41.75,0.2,4754
8,108/05/14,25740557,1069448984,41.55,41.8,41.2,41.55,-0.45,10003
7,108/05/13,20079887,850099105,42.7,42.85,42.0,42.0,-0.5,6612
6,108/05/10,18700097,798113752,42.6,43.05,42.4,42.5,0.0,5499
5,108/05/09,20544980,876166008,43.0,43.0,42.5,42.5,-0.5,6014
4,108/05/08,25209560,1082622880,42.45,43.15,42.35,43.0,0.1,7989
3,108/05/07,22135305,948315880,42.35,43.0,42.35,42.9,0.6,7413
2,108/05/06,26872053,1138758372,42.4,42.75,42.2,42.3,-0.55,6818
1,108/05/03,26493555,1129786568,42.25,42.9,42.25,42.85,0.65,8342
0,108/05/02,14614046,617269656,42.2,42.35,42.1,42.2,0.2,3997
19,108/04/30,9767628,411098364,42.1,42.25,41.95,42.0,-0.1,3476
18,108/04/29,16073778,675143856,41.9,42.1,41.8,42.1,0.35,6157
17,108/04/26,11300709,471505257,41.85,41.85,41.55,41.75,-0.05,4024
16,108/04/25,13459252,558331855,41.5,41.8,41.3,41.8,0.25,5934
15,108/04/24,16390191,681247626,41.75,41.75,41.35,41.55,-0.05,6423
14,108/04/23,23165336,950545196,40.85,41.65,40.55,41.6,0.6,7190
13,108/04/22,30751985,1268438905,41.6,41.65,41.0,41.0,-0.7,9287
12,108/04/19,18966042,788761662,41.6,41.8,41.4,41.7,0.1,5862
11,108/04/18,29541234,1229984949,42.0,42.1,41.3,41.6,-0.35,8424
10,108/04/17,24015044,1008739698,42.4,42.45,41.9,41.95,-0.35,6969
9,108/04/16,16141073,682729997,42.5,42.55,42.15,42.3,-0.2,5366
8,108/04/15,18197589,769350147,42.2,42.5,42.1,42.5,0.5,6202
7,108/04/12,19875284,836805178,42.2,42.3,41.95,42.0,-0.05,6161
6,108/04/11,20905034,880822798,42.25,42.4,41.95,42.05,0.05,7234
5,108/04/10,22819386,957651363,42.15,42.2,41.75,42.0,-0.15,8356
4,108/04/09,28568686,1204294549,42.45,42.55,41.95,42.15,-0.15,9159
3,108/04/08,28403967,1196467996,41.95,42.35,41.95,42.3,0.6,7941
2,108/04/03,19088018,794119481,41.55,41.75,41.5,41.7,0.3,5804
1,108/04/02,23467533,974072590,41.65,41.7,41.3,41.4,0.05,7762
0,108/04/01,28261025,1171619600,41.55,41.8,41.25,41.35,0.1,10132
19,108/03/29,24017404,991039418,41.4,41.4,41.1,41.25,0.25,6588
18,108/03/28,34149477,1405158957,40.75,41.7,40.75,41.0,0.45,12094
17,108/03/27,25862532,1051421138,40.6,40.9,40.45,40.55,0.1,8768
16,108/03/26,29230311,1180686189,40.55,40.7,40.2,40.45,-0.05,11820
15,108/03/25,75535139,3040141795,40.0,40.8,39.85,40.5,1.8,22898
14,108/03/22,14471404,560972045,38.95,39.25,38.5,38.7,-0.15,6235
13,108/03/21,20677619,800039881,38.05,38.9,38.05,38.85,0.8,8130
12,108/03/20,13655599,520075692,38.1,38.25,38.0,38.05,-0.05,4811
11,108/03/19,15489346,589255644,37.9,38.3,37.85,38.1,0.3,6814
10,108/03/18,42438195,1608603260,38.75,38.85,37.6,37.8,-0.85,13627
9,108/03/15,16827855,650324201,38.7,38.8,38.55,38.65,0.05,4655
8,108/03/14,11871203,457438336,38.5,38.6,38.45,38.6,0.1,4403
7,108/03/13,12506692,481239912,38.45,38.6,38.35,38.5,0.1,5893
6,108/03/12,14169399,543464281,37.9,38.65,37.85,38.4,0.55,6163
5,108/03/11,10369097,393741686,38.0,38.15,37.85,37.85,-0.15,4226
4,108/03/08,8457271,320379620,38.0,38.1,37.75,38.0,0.0,3278
3,108/03/07,12281543,468825441,38.1,38.45,38.0,38.0,-0.25,4394
2,108/03/06,7744295,294867200,38.0,38.3,37.95,38.25,0.25,2685
1,108/03/05,8653767,329400652,38.1,38.3,37.95,38.0,-0.2,3241
0,108/03/04,13222125,504795802,38.4,38.45,38.0,38.2,-0.2,4931
12,108/02/27,14384705,551092495,38.2,38.45,38.15,38.4,0.2,4975
11,108/02/26,17253431,660458397,38.25,38.5,38.2,38.2,-0.25,5195
10,108/02/25,16346695,629690625,39.0,39.0,38.3,38.45,-0.25,5443
9,108/02/22,14006912,542954993,39.15,39.15,38.65,38.7,-0.6,5206
8,108/02/21,38051399,1477038418,38.15,39.45,38.05,39.3,1.45,10420
7,108/02/20,16550069,626947918,37.8,38.2,37.65,37.85,0.3,5588
6,108/02/19,16886102,631878592,36.95,37.6,36.95,37.55,0.65,6596
5,108/02/18,13718603,509282611,37.4,37.55,36.85,36.9,-0.55,4864
4,108/02/15,13640757,507796920,37.7,37.7,36.95,37.45,-0.05,5265
3,108/02/14,14649338,552028462,37.55,38.2,37.4,37.5,-0.15,5475
2,108/02/13,13717841,517100918,37.7,37.95,37.55,37.65,-0.05,4233
1,108/02/12,8462833,318734865,37.7,37.85,37.35,37.7,0.05,4180
0,108/02/11,15234985,573681636,37.9,37.9,37.35,37.65,0.3,6467
20,108/01/30,12214164,454594356,37.2,37.5,36.95,37.35,0.25,4445
19,108/01/29,10057975,371981552,37.0,37.1,36.7,37.1,0.1,3560
18,108/01/28,13642330,503258210,36.75,37.0,36.7,37.0,0.4,4446
17,108/01/25,11808482,431875477,36.4,36.75,36.3,36.6,0.2,4417
16,108/01/24,7992255,290662915,36.45,36.55,36.15,36.4,-0.05,3389
15,108/01/23,6845545,248862420,36.2,36.45,36.05,36.45,0.2,2960
14,108/01/22,6060492,219490320,36.25,36.3,36.05,36.25,0.0,1807
13,108/01/21,9974837,360754727,36.2,36.3,35.85,36.25,0.25,3292
12,108/01/18,10088263,361901018,35.8,36.0,35.55,36.0,0.55,3421
11,108/01/17,11657174,413726229,35.6,35.8,35.4,35.45,-0.15,4988
10,108/01/16,12432470,443106653,35.7,35.8,35.55,35.6,-0.1,3696
9,108/01/15,13837986,494376678,35.8,36.0,35.6,35.7,0.1,4206
8,108/01/14,18788577,670460088,36.4,36.45,35.35,35.6,-0.8,7189
7,108/01/11,11923354,434594562,36.7,36.7,36.2,36.4,-0.15,4868
6,108/01/10,11530577,422174797,36.55,36.95,36.4,36.55,0.2,4201
5,108/01/09,20974178,756069459,35.95,36.35,35.9,36.35,0.8,5711
4,108/01/08,10987241,393334841,35.9,35.95,35.55,35.55,-0.45,3621
3,108/01/07,14906206,537441416,35.85,36.2,35.8,36.0,0.55,5611
2,108/01/04,10692409,376905510,35.0,35.65,34.9,35.45,0.3,4175
1,108/01/03,9160859,323494000,35.5,35.6,35.1,35.15,-0.35,3546
0,108/01/02,6566997,234262829,35.75,35.95,35.5,35.5,-0.1,2572
